Record;Date;Time;Stump;Exposition;INPUT1;INPUT2;D;FAPAR;;
0000000;2024-07-13;10:39:51.000;;;498;251,01;0,50404;0,49596;;
0000001;2024-07-13;10:42:16.993;1;N;449,12;15,791;0,03516;0,96484;;
0000002;2024-07-13;10:42:19.993;1;N;450,02;12,385;0,027522;0,97248;;
0000003;2024-07-13;10:42:22.993;1;N;448,03;93,77;0,2093;0,7907;;
0000004;2024-07-13;10:42:30.992;1;N;449,41;11,358;0,025273;0,97473;;
0000005;2024-07-13;10:42:33.992;1;N;448,98;15,407;0,034315;0,96568;;
0000006;2024-07-13;10:42:37.992;1;N;451,95;53,995;0,11947;0,88053;;
0000007;2024-07-13;10:42:46.991;1;N;454,23;11,558;0,025445;0,97455;;
0000008;2024-07-13;10:42:48.991;1;N;450,45;13,033;0,028932;0,97107;;
0000009;2024-07-13;10:42:51.991;1;N;455,19;91,965;0,20204;0,79796;;
0000010;2024-07-13;10:44:04.988;1;S;485,92;43,509;0,089538;0,91046;;
0000011;2024-07-13;10:44:07.988;1;S;482,14;147,16;0,30521;0,69479;;
0000012;2024-07-13;10:44:11.987;1;S;482,37;123,63;0,2563;0,7437;;
0000013;2024-07-13;10:44:15.987;1;S;486,92;32,974;0,067719;0,93228;;
0000014;2024-07-13;10:44:19.987;1;S;486,29;17,982;0,036978;0,96302;;
0000015;2024-07-13;10:44:28.987;1;S;489,56;22,775;0,046521;0,95348;;
0000016;2024-07-13;10:44:35.986;1;S;484,44;3,9077;0,0080664;0,99193;;
0000017;2024-07-13;10:44:38.986;1;S;483,67;12,898;0,026667;0,97333;;
0000018;2024-07-13;10:44:42.986;1;S;478,79;33,194;0,069328;0,93067;;
0000019;2024-07-13;10:48:39.974;2;N;579,42;34,493;0,05953;0,94047;;
0000020;2024-07-13;10:48:42.974;2;N;581,82;46,265;0,079517;0,92048;;
0000021;2024-07-13;10:48:45.974;2;N;587,21;168,06;0,28619;0,71381;;
0000022;2024-07-13;10:48:52.974;2;N;562,84;15,299;0,027182;0,97282;;
0000023;2024-07-13;10:48:54.974;2;N;568,18;33,282;0,058575;0,94142;;
0000024;2024-07-13;10:48:57.974;2;N;574,01;31,573;0,055003;0,945;;
0000025;2024-07-13;10:49:03.973;2;N;579,34;13,342;0,023029;0,97697;;
0000026;2024-07-13;10:49:05.973;2;N;581,87;38,888;0,066834;0,93317;;
0000027;2024-07-13;10:49:08.973;2;N;586,66;43,282;0,073778;0,92622;;
0000028;2024-07-13;10:50:01.971;2;S;612,54;51,698;0,0844;0,9156;;
0000029;2024-07-13;10:50:04.970;2;S;612;150,71;0,24627;0,75373;;
0000030;2024-07-13;10:50:06.970;2;S;614,31;187,59;0,30537;0,69463;;
0000031;2024-07-13;10:50:11.970;2;S;612,21;41,378;0,067587;0,93241;;
0000032;2024-07-13;10:50:13.970;2;S;617,85;214,95;0,34791;0,65209;;
0000033;2024-07-13;10:50:15.970;2;S;616,96;60,892;0,098696;0,9013;;
0000034;2024-07-13;10:50:19.970;2;S;616,13;79,508;0,12904;0,87096;;
0000035;2024-07-13;10:50:25.969;2;S;629,85;9,512;0,015102;0,9849;;
0000036;2024-07-13;10:50:28.969;2;S;631,79;54,797;0,086732;0,91327;;
0000037;2024-07-13;10:53:00.962;3;N;695,65;6,893;0,0099087;0,99009;;
0000038;2024-07-13;10:53:05.962;3;N;752,53;63,015;0,083739;0,91626;;
0000039;2024-07-13;10:53:14.961;3;N;810,15;186,18;0,22981;0,77019;;
0000040;2024-07-13;10:53:19.961;3;N;851,77;9,4331;0,011075;0,98893;;
0000041;2024-07-13;10:53:24.961;3;N;826,26;10,05;0,012164;0,98784;;
0000042;2024-07-13;10:53:27.961;3;N;783,96;32,457;0,041402;0,9586;;
0000043;2024-07-13;10:53:38.960;3;N;802,59;20,965;0,026121;0,97388;;
0000044;2024-07-13;10:53:40.960;3;N;792,96;46,301;0,05839;0,94161;;
0000045;2024-07-13;10:53:47.960;3;N;812,09;70,017;0,086219;0,91378;;
0000046;2024-07-13;10:55:19.955;3;S;733,47;12,296;0,016764;0,98324;;
0000047;2024-07-13;10:55:22.955;3;S;710,01;42,865;0,060372;0,93963;;
0000048;2024-07-13;10:55:27.955;3;S;717,52;84,525;0,1178;0,8822;;
0000049;2024-07-13;10:55:33.955;3;S;721,6;7,5561;0,010471;0,98953;;
0000050;2024-07-13;10:55:36.954;3;S;715,76;15,321;0,021404;0,9786;;
0000051;2024-07-13;10:55:39.954;3;S;718,84;19,433;0,027033;0,97297;;
0000052;2024-07-13;10:55:43.954;3;S;716,12;10,948;0,015288;0,98471;;
0000053;2024-07-13;10:55:47.954;3;S;712,37;26,859;0,037703;0,9623;;
0000054;2024-07-13;10:55:51.954;3;S;715,5;13,829;0,019328;0,98067;;
0000055;2024-07-13;10:59:10.944;4;N;729,74;13,679;0,018745;0,98125;;
0000056;2024-07-13;10:59:12.944;4;N;735,11;14,433;0,019633;0,98037;;
0000057;2024-07-13;10:59:15.944;4;N;758,05;59,085;0,077944;0,92206;;
0000058;2024-07-13;10:59:22.944;4;N;766,47;7,9602;0,010386;0,98961;;
0000059;2024-07-13;10:59:26.943;4;N;769,05;7,4651;0,0097068;0,99029;;
0000060;2024-07-13;10:59:30.943;4;N;773,51;25,699;0,033224;0,96678;;
0000061;2024-07-13;10:59:41.943;4;N;800,24;6,0951;0,0076166;0,99238;;
0000062;2024-07-13;10:59:43.943;4;N;807,25;29,727;0,036825;0,96318;;
0000063;2024-07-13;10:59:47.942;4;N;816,04;34,937;0,042813;0,95719;;
0000064;2024-07-13;11:00:35.940;4;S;750,95;26,618;0,035446;0,96455;;
0000065;2024-07-13;11:00:38.940;4;S;759,27;62,569;0,082406;0,91759;;
0000066;2024-07-13;11:00:43.940;4;S;794,05;48,258;0,060774;0,93923;;
0000067;2024-07-13;11:00:49.939;4;S;738,22;9,4898;0,012855;0,98714;;
0000068;2024-07-13;11:00:52.939;4;S;735,54;40,631;0,05524;0,94476;;
0000069;2024-07-13;11:00:55.939;4;S;734,56;42,506;0,057867;0,94213;;
0000070;2024-07-13;11:01:05.939;4;S;694,05;18,036;0,025987;0,97401;;
0000071;2024-07-13;11:01:09.939;4;S;687,45;32,89;0,047843;0,95216;;
0000072;2024-07-13;11:01:13.938;4;S;696,21;17,658;0,025363;0,97464;;
0000073;2024-07-13;11:05:04.927;5;N;710,21;126,55;0,17819;0,82181;;
0000074;2024-07-13;11:05:07.927;5;N;695,41;135,3;0,19457;0,80543;;
0000075;2024-07-13;11:05:11.927;5;N;678,57;83,594;0,12319;0,87681;;
0000076;2024-07-13;11:05:16.927;5;N;658,66;105,63;0,16037;0,83963;;
0000077;2024-07-13;11:05:23.926;5;N;622,74;118,7;0,19061;0,80939;;
0000078;2024-07-13;11:05:26.926;5;N;618,89;94,46;0,15263;0,84737;;
0000079;2024-07-13;11:05:30.926;5;N;611,66;78,912;0,12901;0,87099;;
0000080;2024-07-13;11:05:34.926;5;N;603,57;93,101;0,15425;0,84575;;
0000081;2024-07-13;11:05:36.926;5;N;599,82;112,17;0,18701;0,81299;;
0000082;2024-07-13;11:06:04.924;5;S;548,47;87,406;0,15936;0,84064;;
0000083;2024-07-13;11:06:07.924;5;S;554,03;96,841;0,17479;0,82521;;
0000084;2024-07-13;11:06:12.924;5;S;554,39;24,906;0,044925;0,95507;;
0000085;2024-07-13;11:06:16.924;5;S;560,67;44,782;0,079872;0,92013;;
0000086;2024-07-13;11:06:20.924;5;S;558,54;109,29;0,19567;0,80433;;
0000087;2024-07-13;11:06:31.923;5;S;578,61;25,874;0,044718;0,95528;;
0000088;2024-07-13;11:06:36.923;5;S;587,82;91,548;0,15574;0,84426;;
0000089;2024-07-13;11:06:38.923;5;S;589,89;105,31;0,17853;0,82147;;
0000090;2024-07-13;11:06:42.923;5;S;593,25;148,32;0,25002;0,74998;;
0000091;2024-07-13;11:10:41.911;6;N;727,89;17,314;0,023787;0,97621;;
0000092;2024-07-13;11:10:43.911;6;N;706,84;68,518;0,096936;0,90306;;
0000093;2024-07-13;11:10:46.911;6;N;685,63;123,77;0,18052;0,81948;;
0000094;2024-07-13;11:10:49.911;6;N;675,04;22,331;0,033081;0,96692;;
0000095;2024-07-13;11:10:51.911;6;N;665,67;89,417;0,13433;0,86567;;
0000096;2024-07-13;11:10:53.911;6;N;651,96;85,62;0,13133;0,86867;;
0000097;2024-07-13;11:10:57.910;6;N;646,66;21,056;0,032561;0,96744;;
0000098;2024-07-13;11:10:59.910;6;N;639;98,55;0,15423;0,84577;;
0000099;2024-07-13;11:11:03.910;6;N;636,47;85,853;0,13489;0,86511;;
0000100;2024-07-13;11:11:39.908;6;S;681,68;142,05;0,20838;0,79162;;
0000101;2024-07-13;11:11:41.908;6;S;709,75;38,888;0,054791;0,94521;;
0000102;2024-07-13;11:11:44.908;6;S;838,89;73,971;0,088177;0,91182;;
0000103;2024-07-13;11:11:47.908;6;S;864,37;229,91;0,26599;0,73401;;
0000104;2024-07-13;11:11:52.908;6;S;1163,3;126,87;0,10907;0,89093;;
0000105;2024-07-13;11:11:55.908;6;S;820,51;29,052;0,035408;0,96459;;
0000106;2024-07-13;11:11:58.907;6;S;750,58;291,15;0,3879;0,6121;;
0000107;2024-07-13;11:12:00.907;6;S;729,97;327,65;0,44885;0,55115;;
0000108;2024-07-13;11:12:03.907;6;S;723,66;59,157;0,081747;0,91825;;
0000109;2024-07-13;11:13:15.904;7;N;763,44;17,352;0,022729;0,97727;;
0000110;2024-07-13;11:13:19.904;7;N;742,18;5,153;0,006943;0,99306;;
0000111;2024-07-13;11:13:25.903;7;N;751,81;30,343;0,04036;0,95964;;
0000112;2024-07-13;11:13:30.903;7;N;756,46;8,7917;0,011622;0,98838;;
0000113;2024-07-13;11:13:35.903;7;N;769,28;10,34;0,013441;0,98656;;
0000114;2024-07-13;11:13:40.903;7;N;782,02;17,109;0,021878;0,97812;;
0000115;2024-07-13;11:13:46.902;7;N;794,72;5,0796;0,0063917;0,99361;;
0000116;2024-07-13;11:13:49.902;7;N;815,09;17,94;0,02201;0,97799;;
0000117;2024-07-13;11:13:51.902;7;N;843,76;83,607;0,099089;0,90091;;
0000118;2024-07-13;11:16:50.893;7;S;822,51;6,3473;0,007717;0,99228;;
0000119;2024-07-13;11:16:52.893;7;S;812,81;11,671;0,014359;0,98564;;
0000120;2024-07-13;11:16:55.893;7;S;812,73;96,357;0,11856;0,88144;;
0000121;2024-07-13;11:17:09.893;7;S;779,06;8,4625;0,010862;0,98914;;
0000122;2024-07-13;11:17:11.892;7;S;778,51;28,581;0,036712;0,96329;;
0000123;2024-07-13;11:17:14.892;7;S;773,71;100,15;0,12944;0,87056;;
0000124;2024-07-13;11:17:17.892;7;S;777,62;23,085;0,029687;0,97031;;
0000125;2024-07-13;11:17:19.892;7;S;776,37;50,177;0,06463;0,93537;;
0000126;2024-07-13;11:17:22.892;7;S;768,72;81,47;0,10598;0,89402;;
0000127;2024-07-13;11:22:12.878;8;N;893,98;136,06;0,15219;0,84781;;
0000128;2024-07-13;11:22:15.878;8;N;744,37;246,75;0,33149;0,66851;;
0000129;2024-07-13;11:22:17.878;8;N;2075,6;1641,6;0,79088;0,20912;;
0000130;2024-07-13;11:22:21.878;8;N;2111,6;137,86;0,065286;0,93471;;
0000131;2024-07-13;11:22:23.877;8;N;2089,4;1919,5;0,91869;0,081306;;
0000132;2024-07-13;11:22:25.877;8;N;1283,7;388,91;0,30295;0,69705;;
0000133;2024-07-13;11:22:29.877;8;N;1220,4;298,94;0,24496;0,75504;;
0000134;2024-07-13;11:22:31.877;8;N;978,34;558,33;0,57069;0,42931;;
0000135;2024-07-13;11:22:33.877;8;N;759,5;418,64;0,5512;0,4488;;
0000136;2024-07-13;11:23:12.875;8;S;733,84;256,16;0,34906;0,65094;;
0000137;2024-07-13;11:23:14.875;8;S;684,64;286,07;0,41784;0,58216;;
0000138;2024-07-13;11:23:17.875;8;S;679,29;215,79;0,31766;0,68234;;
0000139;2024-07-13;11:23:20.875;8;S;687,24;95,1;0,13838;0,86162;;
0000140;2024-07-13;11:23:22.875;8;S;673,71;186,47;0,27678;0,72322;;
0000141;2024-07-13;11:23:25.874;8;S;679,14;99,414;0,14638;0,85362;;
0000142;2024-07-13;11:23:29.874;8;S;706,15;182,58;0,25855;0,74145;;
0000143;2024-07-13;11:23:32.874;8;S;716,54;102,48;0,14301;0,85699;;
0000144;2024-07-13;11:23:35.874;8;S;723,57;264,24;0,36519;0,63481;;
0000145;2024-07-13;11:29:41.856;9;N;850,99;35,044;0,04118;0,95882;;
0000146;2024-07-13;11:29:44.856;9;N;917,29;53,152;0,057944;0,94206;;
0000147;2024-07-13;11:29:46.856;9;N;979,15;135,45;0,13834;0,86166;;
0000148;2024-07-13;11:29:50.856;9;N;874,39;8,5161;0,0097394;0,99026;;
0000149;2024-07-13;11:29:52.856;9;N;869,68;31,77;0,03653;0,96347;;
0000150;2024-07-13;11:29:55.856;9;N;1160,9;28,542;0,024586;0,97541;;
0000151;2024-07-13;11:30:00.856;9;N;1220,2;7,8838;0,0064612;0,99354;;
0000152;2024-07-13;11:30:03.855;9;N;1003;11,562;0,011527;0,98847;;
0000153;2024-07-13;11:30:06.855;9;N;898,1;24,906;0,027732;0,97227;;
0000154;2024-07-13;11:31:02.853;9;S;828,79;37,347;0,045062;0,95494;;
0000155;2024-07-13;11:31:04.852;9;S;819,86;115,15;0,14044;0,85956;;
0000156;2024-07-13;11:31:07.852;9;S;897,08;153,1;0,17066;0,82934;;
0000157;2024-07-13;11:31:11.852;9;S;2204,7;54,672;0,024797;0,9752;;
0000158;2024-07-13;11:31:13.852;9;S;2088,3;49,366;0,023639;0,97636;;
0000159;2024-07-13;11:31:15.852;9;S;2031,8;170,1;0,083722;0,91628;;
0000160;2024-07-13;11:31:19.852;9;S;1558,7;189,64;0,12166;0,87834;;
0000161;2024-07-13;11:31:23.852;9;S;1973,8;73,68;0,03733;0,96267;;
0000162;2024-07-13;11:31:26.851;9;S;1919;100,82;0,052537;0,94746;;
0000163;2024-07-13;11:52:19.791;10;N;407,66;6,754;0,016568;0,98343;;
0000164;2024-07-13;11:52:21.791;10;N;391,22;8,2023;0,020966;0,97903;;
0000165;2024-07-13;11:52:23.791;10;N;397,81;18,838;0,047356;0,95264;;
0000166;2024-07-13;11:52:27.791;10;N;397,2;38,888;0,097906;0,90209;;
0000167;2024-07-13;11:52:29.791;10;N;394,87;19,201;0,048626;0,95137;;
0000168;2024-07-13;11:52:36.791;10;N;418,25;19,726;0,047165;0,95284;;
0000169;2024-07-13;11:52:39.790;10;N;418,67;17,189;0,041056;0,95894;;
0000170;2024-07-13;11:52:42.790;10;N;419,64;6,2179;0,014817;0,98518;;
0000171;2024-07-13;11:52:46.790;10;N;418,63;2,767;0,0066096;0,99339;;
0000172;2024-07-13;11:53:30.788;10;S;465,48;23,628;0,05076;0,94924;;
0000173;2024-07-13;11:53:32.788;10;S;465,02;11,126;0,023925;0,97607;;
0000174;2024-07-13;11:53:34.788;10;S;475,9;52,029;0,10933;0,89067;;
0000175;2024-07-13;11:53:40.787;10;S;462,8;43,794;0,094629;0,90537;;
0000176;2024-07-13;11:53:44.787;10;S;455,64;32,771;0,071924;0,92808;;
0000177;2024-07-13;11:53:48.787;10;S;450,58;9,3486;0,020748;0,97925;;
0000178;2024-07-13;11:53:56.787;10;S;458,04;21,053;0,045963;0,95404;;
0000179;2024-07-13;11:54:01.786;10;S;446,54;37,024;0,082913;0,91709;;
0000180;2024-07-13;11:54:05.786;10;S;447,98;22,568;0,050376;0,94962;;
0000181;2024-07-13;12:03:23.760;11;N;1350,1;165,92;0,12289;0,87711;;
0000182;2024-07-13;12:03:25.759;11;N;1168,1;226,71;0,19408;0,80592;;
0000183;2024-07-13;12:03:27.759;11;N;1238,2;174,36;0,14082;0,85918;;
0000184;2024-07-13;12:03:30.759;11;N;1139,8;15,07;0,013222;0,98678;;
0000185;2024-07-13;12:03:33.759;11;N;941,18;39,696;0,042177;0,95782;;
0000186;2024-07-13;12:03:35.759;11;N;913,96;50,314;0,05505;0,94495;;
0000187;2024-07-13;12:03:39.759;11;N;875,3;101,77;0,11626;0,88374;;
0000188;2024-07-13;12:03:41.759;11;N;992,16;112,89;0,11378;0,88622;;
0000189;2024-07-13;12:03:43.759;11;N;951,5;198,12;0,20822;0,79178;;
0000190;2024-07-13;12:04:21.757;11;S;1591,2;22,188;0,013944;0,98606;;
0000191;2024-07-13;12:04:23.757;11;S;1901,8;24,238;0,012745;0,98726;;
0000192;2024-07-13;12:04:26.756;11;S;1676;42,622;0,02543;0,97457;;
0000193;2024-07-13;12:04:29.756;11;S;1218,5;14,929;0,012252;0,98775;;
0000194;2024-07-13;12:04:31.756;11;S;995,31;21,853;0,021956;0,97804;;
0000195;2024-07-13;12:04:33.756;11;S;1060,2;17,478;0,016486;0,98351;;
0000196;2024-07-13;12:04:41.756;11;S;1943,6;36,457;0,018757;0,98124;;
0000197;2024-07-13;12:04:43.756;11;S;1762,5;53,56;0,030389;0,96961;;
0000198;2024-07-13;12:04:46.756;11;S;1726,8;239,52;0,13871;0,86129;;
0000199;2024-07-13;12:05:35.753;12;N;1254;7,0674;0,0056358;0,99436;;
0000200;2024-07-13;12:05:36.753;12;N;1386,6;13,734;0,0099046;0,9901;;
0000201;2024-07-13;12:05:38.753;12;N;1492,6;1029,2;0,68951;0,31049;;
0000202;2024-07-13;12:05:42.753;12;N;1496,2;4,1272;0,0027586;0,99724;;
0000203;2024-07-13;12:05:45.753;12;N;1779,4;76,975;0,04326;0,95674;;
0000204;2024-07-13;12:05:48.753;12;N;2234,3;269,38;0,12056;0,87944;;
0000205;2024-07-13;12:05:52.752;12;N;2356,5;28,556;0,012118;0,98788;;
0000206;2024-07-13;12:05:55.752;12;N;1553,6;56,942;0,036653;0,96335;;
0000207;2024-07-13;12:05:58.752;12;N;1343,5;862,2;0,64176;0,35824;;
0000208;2024-07-13;12:06:25.751;12;S;1277,7;433,38;0,3392;0,6608;;
0000209;2024-07-13;12:06:27.751;12;S;1346,3;388,91;0,28886;0,71114;;
0000210;2024-07-13;12:06:29.751;12;S;1512,6;261,03;0,17257;0,82743;;
0000211;2024-07-13;12:06:32.750;12;S;1524;102,3;0,067126;0,93287;;
0000212;2024-07-13;12:06:35.750;12;S;1245,8;523,17;0,41995;0,58005;;
0000213;2024-07-13;12:06:37.750;12;S;1236,3;925,9;0,7489;0,2511;;
0000214;2024-07-13;12:06:40.750;12;S;1335;910,76;0,68224;0,31776;;
0000215;2024-07-13;12:06:42.750;12;S;1388,1;1121,2;0,8077;0,1923;;
0000216;2024-07-13;12:06:45.750;12;S;1400,2;1165,4;0,83228;0,16772;;
0000217;2024-07-13;12:10:01.740;13;N;782,69;292,53;0,37375;0,62625;;
0000218;2024-07-13;12:10:03.740;13;N;827,61;197,93;0,23916;0,76084;;
0000219;2024-07-13;12:10:06.740;13;N;817,63;101,61;0,12428;0,87572;;
0000220;2024-07-13;12:10:09.740;13;N;779,55;91,788;0,11774;0,88226;;
0000221;2024-07-13;12:10:11.740;13;N;789,68;84,709;0,10727;0,89273;;
0000222;2024-07-13;12:10:14.740;13;N;808,74;91,854;0,11358;0,88642;;
0000223;2024-07-13;12:10:16.740;13;N;812,3;178,84;0,22016;0,77984;;
0000224;2024-07-13;12:10:19.740;13;N;789,59;112,26;0,14218;0,85782;;
0000225;2024-07-13;12:10:21.739;13;N;792,35;102,08;0,12884;0,87116;;
0000226;2024-07-13;12:11:27.736;13;S;796,98;439,2;0,55108;0,44892;;
0000227;2024-07-13;12:11:29.736;13;S;812,17;363,55;0,44763;0,55237;;
0000228;2024-07-13;12:11:31.736;13;S;800,95;308,05;0,3846;0,6154;;
0000229;2024-07-13;12:11:33.736;13;S;815,67;205,02;0,25135;0,74865;;
0000230;2024-07-13;12:11:34.736;13;S;814,45;301,11;0,36971;0,63029;;
0000231;2024-07-13;12:11:36.736;13;S;813,53;359;0,44129;0,55871;;
0000232;2024-07-13;12:11:39.736;13;S;818,12;240,98;0,29455;0,70545;;
0000233;2024-07-13;12:11:40.736;13;S;817,19;254,9;0,31193;0,68807;;
0000234;2024-07-13;12:11:42.736;13;S;816,12;288,19;0,35312;0,64688;;
0000235;2024-07-13;12:14:24.728;14;N;752,43;53,549;0,071167;0,92883;;
0000236;2024-07-13;12:14:26.728;14;N;759,55;98,456;0,12962;0,87038;;
0000237;2024-07-13;12:14:33.727;14;N;798,18;124,42;0,15588;0,84412;;
0000238;2024-07-13;12:14:39.727;14;N;783,55;15,431;0,019694;0,98031;;
0000239;2024-07-13;12:14:42.727;14;N;781,3;26,437;0,033838;0,96616;;
0000240;2024-07-13;12:14:44.727;14;N;788,58;50,63;0,064203;0,9358;;
0000241;2024-07-13;12:14:48.727;14;N;812,37;24,32;0,029937;0,97006;;
0000242;2024-07-13;12:14:53.726;14;N;834,19;66,246;0,079414;0,92059;;
0000243;2024-07-13;12:14:55.726;14;N;825,24;18,784;0,022762;0,97724;;
0000244;2024-07-13;12:15:39.724;14;S;718,29;4,0396;0,005624;0,99438;;
0000245;2024-07-13;12:15:41.724;14;S;717,65;6,4267;0,0089552;0,99104;;
0000246;2024-07-13;12:15:44.724;14;S;714,52;4,8856;0,0068376;0,99316;;
0000247;2024-07-13;12:15:47.724;14;S;718,43;2,4491;0,0034089;0,99659;;
0000248;2024-07-13;12:15:51.724;14;S;707,22;3,5618;0,0050363;0,99496;;
0000249;2024-07-13;12:15:54.723;14;S;710,56;1,3384;0,0018835;0,99812;;
0000250;2024-07-13;12:16:06.723;14;S;737,59;8,3956;0,011382;0,98862;;
0000251;2024-07-13;12:16:10.723;14;S;740,28;6,5194;0,0088067;0,99119;;
0000252;2024-07-13;12:16:16.722;14;S;742,65;1,0813;0,001456;0,99854;;
0000253;2024-07-13;12:19:30.713;15;N;656,75;77,551;0,11808;0,88192;;
0000254;2024-07-13;12:19:32.713;15;N;665,7;184,47;0,27711;0,72289;;
0000255;2024-07-13;12:19:35.713;15;N;667,34;75,154;0,11262;0,88738;;
0000256;2024-07-13;12:19:39.713;15;N;670,65;85,222;0,12707;0,87293;;
0000257;2024-07-13;12:19:41.713;15;N;669,59;181,52;0,27108;0,72892;;
0000258;2024-07-13;12:19:44.712;15;N;677,55;48,36;0,071376;0,92862;;
0000259;2024-07-13;12:19:47.712;15;N;680,18;62,857;0,092412;0,90759;;
0000260;2024-07-13;12:19:50.712;15;N;682;38,888;0,057021;0,94298;;
0000261;2024-07-13;12:19:53.712;15;N;680,76;50,356;0,07397;0,92603;;
0000262;2024-07-13;12:20:38.710;15;S;692,1;104,62;0,15117;0,84883;;
0000263;2024-07-13;12:20:40.710;15;S;694,54;215,96;0,31094;0,68906;;
0000264;2024-07-13;12:20:43.710;15;S;698,13;147,91;0,21186;0,78814;;
0000265;2024-07-13;12:20:46.709;15;S;696,6;112,38;0,16132;0,83868;;
0000266;2024-07-13;12:20:48.709;15;S;715,34;98,66;0,13792;0,86208;;
0000267;2024-07-13;12:20:51.709;15;S;705,69;50,433;0,071465;0,92853;;
0000268;2024-07-13;12:20:54.709;15;S;716,18;152,34;0,21272;0,78728;;
0000269;2024-07-13;12:20:57.709;15;S;718,21;52,752;0,073449;0,92655;;
0000270;2024-07-13;12:21:01.709;15;S;718,18;16,757;0,023333;0,97667;;
0000271;2024-07-13;12:26:17.694;16;N;466,36;30,42;0,065227;0,93477;;
0000272;2024-07-13;12:26:19.694;16;N;467,89;20,088;0,042933;0,95707;;
0000273;2024-07-13;12:26:22.693;16;N;468,67;16,64;0,035505;0,9645;;
0000274;2024-07-13;12:26:24.693;16;N;468,41;5,6236;0,012006;0,98799;;
0000275;2024-07-13;12:26:27.693;16;N;490,47;2,4045;0,0049025;0,9951;;
0000276;2024-07-13;12:26:30.693;16;N;508,39;6,2533;0,0123;0,9877;;
0000277;2024-07-13;12:26:32.693;16;N;513,07;8,3725;0,016318;0,98368;;
0000278;2024-07-13;12:26:34.693;16;N;534,47;7,4566;0,013951;0,98605;;
0000279;2024-07-13;12:26:36.693;16;N;532,74;6,8356;0,012831;0,98717;;
0000280;2024-07-13;12:27:08.691;16;S;557,49;114,03;0,20454;0,79546;;
0000281;2024-07-13;12:27:11.691;16;S;540,41;122,58;0,22683;0,77317;;
0000282;2024-07-13;12:27:13.691;16;S;535,33;58,574;0,10942;0,89058;;
0000283;2024-07-13;12:27:16.691;16;S;527,21;96,708;0,18343;0,81657;;
0000284;2024-07-13;12:27:21.691;16;S;515,2;40,092;0,077817;0,92218;;
0000285;2024-07-13;12:27:23.690;16;S;509,81;58,506;0,11476;0,88524;;
0000286;2024-07-13;12:27:26.690;16;S;501,72;20,865;0,041588;0,95841;;
0000287;2024-07-13;12:27:28.690;16;S;503,06;32,285;0,064176;0,93582;;
0000288;2024-07-13;12:27:30.690;16;S;505,41;28,194;0,055785;0,94422;;
0000289;2024-07-13;12:28:17.688;17;N;573,57;72,804;0,12693;0,87307;;
0000290;2024-07-13;12:28:19.688;17;N;576,39;57,163;0,099174;0,90083;;
0000291;2024-07-13;12:28:21.688;17;N;577,21;55,586;0,0963;0,9037;;
0000292;2024-07-13;12:28:24.688;17;N;571,11;47,439;0,083065;0,91694;;
0000293;2024-07-13;12:28:26.687;17;N;578,85;60,008;0,10367;0,89633;;
0000294;2024-07-13;12:28:29.687;17;N;579;44,37;0,076632;0,92337;;
0000295;2024-07-13;12:28:31.687;17;N;579,4;19,202;0,033142;0,96686;;
0000296;2024-07-13;12:28:33.687;17;N;580,23;38,081;0,065631;0,93437;;
0000297;2024-07-13;12:28:35.687;17;N;580,17;56,935;0,098136;0,90186;;
0000298;2024-07-13;12:30:10.682;17;S;688,92;463,11;0,67223;0,32777;;
0000299;2024-07-13;12:30:13.682;17;S;682,65;242,67;0,35549;0,64451;;
0000300;2024-07-13;12:30:15.682;17;S;683,1;300,05;0,43925;0,56075;;
0000301;2024-07-13;12:30:18.682;17;S;680,03;356,04;0,52356;0,47644;;
0000302;2024-07-13;12:30:19.682;17;S;683,89;330,69;0,48355;0,51645;;
0000303;2024-07-13;12:30:21.682;17;S;682;338,47;0,49628;0,50372;;
0000304;2024-07-13;12:30:24.682;17;S;671,63;329,93;0,49125;0,50875;;
0000305;2024-07-13;12:30:26.682;17;S;675,65;356,24;0,52725;0,47275;;
0000306;2024-07-13;12:30:28.682;17;S;674,99;256,63;0,38019;0,61981;;
0000307;2024-07-13;12:32:04.677;18;N;706,89;206,47;0,29209;0,70791;;
0000308;2024-07-13;12:32:06.677;18;N;707,73;155,74;0,22005;0,77995;;
0000309;2024-07-13;12:32:07.677;18;N;708,51;243,5;0,34367;0,65633;;
0000310;2024-07-13;12:32:10.677;18;N;708,89;102,58;0,14471;0,85529;;
0000311;2024-07-13;12:32:11.677;18;N;711,33;190,31;0,26754;0,73246;;
0000312;2024-07-13;12:32:14.677;18;N;712,03;43,775;0,061479;0,93852;;
0000313;2024-07-13;12:32:20.676;18;N;713,67;91,001;0,12751;0,87249;;
0000314;2024-07-13;12:32:22.676;18;N;719,3;145,92;0,20287;0,79713;;
0000315;2024-07-13;12:32:24.676;18;N;720,72;62,064;0,086114;0,91389;;
0000316;2024-07-13;12:32:51.675;18;S;719,48;8,6244;0,011987;0,98801;;
0000317;2024-07-13;12:32:53.675;18;S;719,99;39,751;0,05521;0,94479;;
0000318;2024-07-13;12:32:57.674;18;S;725,25;38,888;0,05362;0,94638;;
0000319;2024-07-13;12:32:59.674;18;S;724,87;13,437;0,018537;0,98146;;
0000320;2024-07-13;12:33:01.674;18;S;725,21;10,849;0,01496;0,98504;;
0000321;2024-07-13;12:33:04.674;18;S;717,83;12,608;0,017564;0,98244;;
0000322;2024-07-13;12:33:06.674;18;S;702,8;7,5525;0,010746;0,98925;;
0000323;2024-07-13;12:33:09.674;18;S;703,26;2,1259;0,0030229;0,99698;;
0000324;2024-07-13;12:33:11.674;18;S;706,67;9,5116;0,01346;0,98654;;
0000325;2024-07-13;12:36:42.664;19;N;768,14;179,03;0,23307;0,76693;;
0000326;2024-07-13;12:36:44.664;19;N;767,63;105,35;0,13724;0,86276;;
0000327;2024-07-13;12:36:46.663;19;N;773,43;10,593;0,013697;0,9863;;
0000328;2024-07-13;12:36:48.663;19;N;762,87;134,34;0,1761;0,8239;;
0000329;2024-07-13;12:36:50.663;19;N;765,44;38,888;0,050805;0,9492;;
0000330;2024-07-13;12:36:52.663;19;N;764,22;25,749;0,033693;0,96631;;
0000331;2024-07-13;12:36:55.663;19;N;767,97;88,514;0,11526;0,88474;;
0000332;2024-07-13;12:36:56.663;19;N;772,56;87,14;0,11279;0,88721;;
0000333;2024-07-13;12:36:59.663;19;N;770,77;34,564;0,044843;0,95516;;
0000334;2024-07-13;12:37:38.661;19;S;795,47;69,133;0,086908;0,91309;;
0000335;2024-07-13;12:37:40.661;19;S;799,23;36,711;0,045933;0,95407;;
0000336;2024-07-13;12:37:42.661;19;S;805,63;14,562;0,018075;0,98192;;
0000337;2024-07-13;12:37:45.661;19;S;810,21;22,068;0,027237;0,97276;;
0000338;2024-07-13;12:37:47.661;19;S;811,17;10,94;0,013486;0,98651;;
0000339;2024-07-13;12:37:49.660;19;S;812,81;19,217;0,023642;0,97636;;
0000340;2024-07-13;12:37:54.660;19;S;809,75;9,505;0,011738;0,98826;;
0000341;2024-07-13;12:37:57.660;19;S;812,4;7,5775;0,0093274;0,99067;;
0000342;2024-07-13;12:38:01.660;19;S;815,75;5,2678;0,0064576;0,99354;;
0000343;2024-07-13;12:39:49.655;20;N;1045,4;20,72;0,019821;0,98018;;
0000344;2024-07-13;12:39:51.655;20;N;1039,3;93,562;0,090025;0,90998;;
0000345;2024-07-13;12:39:53.655;20;N;1112,1;22,936;0,020624;0,97938;;
0000346;2024-07-13;12:39:55.654;20;N;1428,8;34,396;0,024074;0,97593;;
0000347;2024-07-13;12:39:57.654;20;N;1373,7;47,032;0,034237;0,96576;;
0000348;2024-07-13;12:39:59.654;20;N;1148,3;103,92;0,090495;0,90951;;
0000349;2024-07-13;12:40:00.654;20;N;1134,9;99,642;0,087801;0,9122;;
0000350;2024-07-13;12:40:02.654;20;N;1097,3;82,816;0,075473;0,92453;;
0000351;2024-07-13;12:40:04.654;20;N;1119,8;124,42;0,11111;0,88889;;
0000352;2024-07-13;12:42:08.648;20;S;1250,7;92,101;0,073637;0,92636;;
0000353;2024-07-13;12:42:10.648;20;S;1198;29,797;0,024873;0,97513;;
0000354;2024-07-13;12:42:12.648;20;S;1159,3;32,151;0,027734;0,97227;;
0000355;2024-07-13;12:42:14.648;20;S;1140,1;38,888;0,03411;0,96589;;
0000356;2024-07-13;12:42:17.648;20;S;1101,5;26,131;0,023723;0,97628;;
0000357;2024-07-13;12:42:19.648;20;S;1083,5;10,346;0,0095482;0,99045;;
0000358;2024-07-13;12:42:21.647;20;S;1073,7;96,613;0,089978;0,91002;;
0000359;2024-07-13;12:42:27.647;20;S;1055,3;27,984;0,026518;0,97348;;
0000360;2024-07-13;12:42:34.647;20;S;1022,6;38,557;0,037706;0,96229;;
